operation,impl,type,size,unit,min,max,avg,stddev,p50,p95,p99
Add,Map,int,10,ns/elem,28.58,69.14,36.08,9.10,32.23,50.48,63.79
Contains,Map,int,10,ns/elem,6.68,8.65,7.36,0.48,7.27,8.28,8.56
Remove,Map,int,10,ns/elem,29.10,150.00,45.42,22.13,37.50,71.22,128.25
Clone,Map,int,10,ns/op,385.39,429.62,403.92,10.57,401.60,420.72,427.10
Filter,Map,int,10,ns/op,248.71,275.10,257.73,6.91,257.20,268.87,274.08
MapBy,Map,int,10,ns/op,409.58,442.20,424.91,8.85,424.31,439.05,441.65
Chunk,Map,int,10,ns/op,813.62,928.96,852.77,27.49,851.69,903.81,927.44
Union,Map,int,10,ns/op,806.31,890.84,836.76,19.17,833.50,871.12,886.52
Intersection,Map,int,10,ns/op,631.03,684.13,649.72,12.91,646.98,676.69,682.18
Difference,Map,int,10,ns/op,633.11,716.82,659.50,15.89,656.16,688.18,708.61
SymmetricDifference,Map,int,10,ns/op,726.65,799.49,758.91,17.28,755.69,789.62,796.71
Add,Map,int,100,ns/elem,29.18,36.42,31.33,1.35,31.12,33.21,35.53
Contains,Map,int,100,ns/elem,4.88,5.25,5.00,0.09,4.98,5.14,5.22
Remove,Map,int,100,ns/elem,24.58,90.42,30.87,11.45,28.54,35.23,74.47
Clone,Map,int,100,ns/op,3371.88,3677.19,3522.73,69.06,3510.00,3649.65,3675.22
Filter,Map,int,100,ns/op,2274.00,2509.78,2334.81,46.89,2321.05,2393.93,2476.45
MapBy,Map,int,100,ns/op,3611.46,3801.23,3705.58,51.97,3699.76,3790.01,3798.46
Chunk,Map,int,100,ns/op,3745.74,4054.57,3866.24,81.75,3844.28,4007.81,4042.38
Union,Map,int,100,ns/op,6639.53,7172.79,6842.55,113.69,6833.42,7027.97,7131.82
Intersection,Map,int,100,ns/op,6390.69,6769.45,6505.10,84.99,6486.52,6684.87,6757.46
Difference,Map,int,100,ns/op,6171.26,6761.57,6362.02,147.50,6326.78,6662.24,6741.04
SymmetricDifference,Map,int,100,ns/op,8537.78,9169.49,8834.00,155.30,8830.86,9047.74,9136.67
Add,Map,int,1000,ns/elem,36.20,41.06,37.38,0.88,37.19,38.65,40.40
Contains,Map,int,1000,ns/elem,5.59,5.86,5.68,0.07,5.66,5.85,5.86
Remove,Map,int,1000,ns/elem,21.00,36.58,26.43,3.35,25.94,30.52,34.88
Clone,Map,int,1000,ns/op,46597.56,49699.20,47810.74,717.47,47724.60,49128.55,49625.22
Filter,Map,int,1000,ns/op,27362.98,30951.12,28246.07,783.26,28050.48,29790.07,30752.44
MapBy,Map,int,1000,ns/op,49373.69,51503.91,50262.59,598.82,50188.80,51488.86,51502.77
Chunk,Map,int,1000,ns/op,39301.83,43110.78,40446.78,789.94,40423.78,41656.34,42721.75
Union,Map,int,1000,ns/op,64368.62,68107.35,65734.62,1002.35,65619.40,67776.92,68019.05
Intersection,Map,int,1000,ns/op,69482.35,74381.42,71679.12,1201.67,71494.40,73780.12,74306.59
Difference,Map,int,1000,ns/op,69835.13,77112.30,71885.57,1445.69,71985.50,73836.60,76322.17
SymmetricDifference,Map,int,1000,ns/op,77030.00,80961.64,78793.94,892.60,78701.64,80499.50,80839.36
Add,Map,int,10000,ns/elem,35.64,39.72,37.19,0.93,37.08,38.87,39.59
Contains,Map,int,10000,ns/elem,7.08,7.53,7.23,0.11,7.21,7.43,7.52
Remove,Map,int,10000,ns/elem,22.67,25.39,24.37,0.70,24.42,25.33,25.39
Clone,Map,int,10000,ns/op,444291.75,486531.25,461498.27,8665.01,462140.50,473255.12,483129.77
Filter,Map,int,10000,ns/op,276964.29,300017.86,287249.59,6442.33,285952.43,299090.68,299853.84
MapBy,Map,int,10000,ns/op,462937.50,519135.25,493592.71,15746.86,494484.50,515733.90,518174.70
Chunk,Map,int,10000,ns/op,522777.67,579847.00,542556.48,13025.45,540763.83,569899.37,577768.76
Union,Map,int,10000,ns/op,854208.00,958875.00,896918.07,29265.65,898625.00,947266.85,957292.18
Intersection,Map,int,10000,ns/op,724167.00,772458.00,746873.63,12254.33,744937.50,765531.18,770476.43
Difference,Map,int,10000,ns/op,722333.50,832812.50,757984.02,28083.15,754187.50,820173.77,832184.07
SymmetricDifference,Map,int,10000,ns/op,860750.00,927500.00,890636.77,21031.15,886979.00,922052.18,926110.46
Add,Map,int,100000,ns/elem,34.56,38.62,36.02,1.17,35.60,38.32,38.54
Contains,Map,int,100000,ns/elem,8.87,9.67,9.14,0.21,9.07,9.61,9.66
Remove,Map,int,100000,ns/elem,24.62,31.72,26.67,1.47,26.31,28.60,30.85
Clone,Map,int,100000,ns/op,4124666.00,4719958.00,4272529.30,117531.19,4252625.50,4436370.65,4646080.50
Filter,Map,int,100000,ns/op,2450458.00,2718250.00,2535931.93,56130.49,2524438.00,2633645.65,2693986.57
MapBy,Map,int,100000,ns/op,4261417.00,4605000.00,4374015.17,82507.17,4356437.50,4529806.25,4590355.00
Chunk,Map,int,100000,ns/op,4508917.00,4871042.00,4607340.33,78690.72,4601604.50,4745393.75,4852107.32
Union,Map,int,100000,ns/op,8032167.00,8830625.00,8301583.30,213519.51,8246854.00,8702781.10,8795643.75
Intersection,Map,int,100000,ns/op,7748041.00,8860791.00,8189711.10,289903.08,8137146.50,8710158.00,8828069.43
Difference,Map,int,100000,ns/op,7783917.00,8522917.00,7971916.60,189910.71,7915084.00,8427997.40,8510881.71
SymmetricDifference,Map,int,100000,ns/op,11362125.00,13032833.00,11863680.60,479192.23,11701437.50,12878856.10,12998951.43
Add,Map,int,1000000,ns/elem,59.03,71.18,62.04,2.58,61.43,66.82,70.10
Contains,Map,int,1000000,ns/elem,26.65,32.22,28.40,1.08,28.26,29.94,31.66
Remove,Map,int,1000000,ns/elem,55.97,64.94,59.86,2.45,59.17,64.43,64.81
Clone,Map,int,1000000,ns/op,71674708.00,80306125.00,73875254.17,2143789.27,73084062.50,77556910.60,79590779.68
Filter,Map,int,1000000,ns/op,37999708.00,50677417.00,40819188.80,2154451.78,40462145.50,42542660.05,48362419.21
MapBy,Map,int,1000000,ns/op,73216833.00,84127625.00,77167293.07,2475614.83,76680166.00,80787791.85,83170057.18
Chunk,Map,int,1000000,ns/op,46927417.00,50329417.00,47976895.93,741793.27,47855021.00,49275160.60,50083424.50
Union,Map,int,1000000,ns/op,132441750.00,158365958.00,143098101.40,5676999.76,141011854.00,155911044.05,158289736.43
Intersection,Map,int,1000000,ns/op,188295958.00,204230917.00,193441208.20,3760639.58,192318624.50,198851195.50,202834216.39
Difference,Map,int,1000000,ns/op,186621583.00,203560125.00,192399597.20,4234362.77,190930208.00,200877725.00,203168117.50
SymmetricDifference,Map,int,1000000,ns/op,222758417.00,239877209.00,229526039.00,4847783.01,229246458.50,238626014.80,239582206.50
Add,Map,string,10,ns/elem,39.81,44.08,41.39,1.15,41.04,43.88,44.06
Contains,Map,string,10,ns/elem,7.08,7.55,7.22,0.12,7.17,7.49,7.54
Remove,Map,string,10,ns/elem,29.20,125.00,58.75,20.99,50.00,102.31,118.97
Clone,Map,string,10,ns/op,485.80,540.05,504.07,13.17,500.12,529.31,536.97
Filter,Map,string,10,ns/op,296.24,342.09,315.79,10.24,314.46,333.69,340.04
MapBy,Map,string,10,ns/op,550.45,607.12,569.97,15.24,566.28,601.39,606.44
Chunk,Map,string,10,ns/op,1107.29,1255.58,1172.09,39.88,1161.73,1249.76,1254.78
Union,Map,string,10,ns/op,1082.45,1181.23,1132.18,30.49,1127.37,1176.41,1180.28
Intersection,Map,string,10,ns/op,800.36,877.19,824.33,16.48,820.35,852.39,870.74
Difference,Map,string,10,ns/op,768.42,904.86,808.46,28.54,798.54,849.76,889.51
SymmetricDifference,Map,string,10,ns/op,873.44,949.58,910.40,18.08,906.71,940.33,947.06
Add,Map,string,100,ns/elem,40.45,43.91,41.68,0.79,41.56,42.76,43.61
Contains,Map,string,100,ns/elem,7.55,8.04,7.72,0.13,7.72,7.96,8.02
Remove,Map,string,100,ns/elem,30.42,43.75,37.69,3.52,37.70,43.15,43.63
Clone,Map,string,100,ns/op,4211.55,4794.72,4444.96,149.03,4402.83,4752.06,4784.79
Filter,Map,string,100,ns/op,2674.97,2879.15,2774.81,48.07,2774.60,2853.98,2873.29
MapBy,Map,string,100,ns/op,4435.55,5011.39,4613.67,126.29,4574.90,4847.58,4967.41
Chunk,Map,string,100,ns/op,5261.69,5815.29,5429.12,122.95,5403.77,5614.64,5759.56
Union,Map,string,100,ns/op,8141.98,9034.57,8489.19,202.97,8458.64,8903.49,9011.30
Intersection,Map,string,100,ns/op,8073.63,8629.25,8280.87,149.61,8255.46,8545.17,8609.25
Difference,Map,string,100,ns/op,7570.36,7894.92,7730.91,95.05,7720.94,7881.08,7892.22
SymmetricDifference,Map,string,100,ns/op,11005.28,11908.15,11421.29,221.12,11399.79,11865.59,11896.16
Add,Map,string,1000,ns/elem,49.28,55.72,51.88,1.63,51.48,54.96,55.62
Contains,Map,string,1000,ns/elem,7.28,7.67,7.45,0.10,7.44,7.61,7.65
Remove,Map,string,1000,ns/elem,26.62,38.92,31.56,3.21,31.06,37.31,38.49
Clone,Map,string,1000,ns/op,58893.22,63355.47,60816.79,1104.98,60818.38,63056.12,63343.76
Filter,Map,string,1000,ns/op,35415.18,38511.91,36655.06,743.94,36494.41,37871.91,38332.82
MapBy,Map,string,1000,ns/op,58747.69,65703.69,61331.52,1299.72,61157.42,63204.76,65017.97
Chunk,Map,string,1000,ns/op,50777.10,54500.00,52467.33,950.34,52397.91,54174.48,54483.09
Union,Map,string,1000,ns/op,85869.57,93411.22,89605.08,1700.61,89338.78,92540.77,93326.64
Intersection,Map,string,1000,ns/op,97892.86,109099.19,101271.30,2427.21,101229.17,106359.06,108602.06
Difference,Map,string,1000,ns/op,96136.90,102513.86,98943.84,1822.99,98721.24,102038.77,102474.73
SymmetricDifference,Map,string,1000,ns/op,96419.12,114781.88,103214.87,5392.25,101530.65,113470.37,114477.67
Add,Map,string,10000,ns/elem,48.47,55.74,51.16,1.71,51.29,53.58,55.17
Contains,Map,string,10000,ns/elem,9.07,9.57,9.25,0.14,9.21,9.53,9.57
Remove,Map,string,10000,ns/elem,28.93,32.98,30.86,0.92,30.81,32.20,32.76
Clone,Map,string,10000,ns/op,583041.67,646361.00,604338.44,14554.44,601375.00,629741.57,643187.14
Filter,Map,string,10000,ns/op,341916.67,371437.50,356481.94,7832.70,356381.92,369433.97,371137.40
MapBy,Map,string,10000,ns/op,577152.67,648708.33,608062.49,17132.62,602736.00,634256.97,644535.62
Chunk,Map,string,10000,ns/op,639305.67,1022458.33,681252.32,67674.26,670937.50,722061.63,938495.21
Union,Map,string,10000,ns/op,1005208.00,1242458.00,1059802.77,44958.82,1055833.50,1117126.90,1206171.75
Intersection,Map,string,10000,ns/op,897334.00,1011292.00,935555.67,26524.37,924667.00,982239.70,1004090.14
Difference,Map,string,10000,ns/op,901667.00,996250.00,929850.70,24700.20,924218.50,986498.25,995591.56
SymmetricDifference,Map,string,10000,ns/op,1027583.00,1141584.00,1079291.70,29952.27,1073583.50,1132148.10,1138853.07
Add,Map,string,100000,ns/elem,46.14,50.84,48.74,1.40,48.63,50.73,50.83
Contains,Map,string,100000,ns/elem,11.00,13.21,11.55,0.46,11.45,12.32,12.96
Remove,Map,string,100000,ns/elem,31.85,36.79,33.19,1.02,32.98,34.77,36.21
Clone,Map,string,100000,ns/op,5787208.00,6248125.00,6035677.77,115320.06,6033166.50,6189660.60,6233492.18
Filter,Map,string,100000,ns/op,3009041.00,3351792.00,3136681.93,88354.64,3140458.50,3315081.55,3349568.57
MapBy,Map,string,100000,ns/op,5848708.00,6326708.00,6152183.20,131510.27,6171458.50,6318589.55,6324424.25
Chunk,Map,string,100000,ns/op,6069625.00,6521125.00,6283641.77,112063.11,6272354.50,6483394.05,6514201.25
Union,Map,string,100000,ns/op,11171750.00,13478291.00,11904926.40,477602.43,11829521.00,12743879.20,13305451.29
Intersection,Map,string,100000,ns/op,10031042.00,13607000.00,10602076.40,688822.17,10412270.50,11621151.90,13138239.07
Difference,Map,string,100000,ns/op,9835125.00,10773542.00,10305859.70,232696.18,10249771.00,10740734.90,10768067.96
SymmetricDifference,Map,string,100000,ns/op,14853084.00,16041375.00,15337632.03,268147.47,15269437.50,15796364.55,15972089.07
Add,Map,string,1000000,ns/elem,101.26,109.75,104.24,2.13,103.51,108.69,109.66
Contains,Map,string,1000000,ns/elem,37.39,41.32,39.09,0.77,39.02,40.30,41.06
Remove,Map,string,1000000,ns/elem,96.83,105.83,100.39,2.48,99.78,104.89,105.63
Clone,Map,string,1000000,ns/op,116571291.00,137872375.00,121812690.23,4035292.25,121291062.50,126506422.55,134625909.39
Filter,Map,string,1000000,ns/op,57915042.00,66887917.00,61210812.53,2253417.68,60483104.00,65295020.65,66426575.14
MapBy,Map,string,1000000,ns/op,117670709.00,127418000.00,122515938.87,2535779.16,122482687.00,127348712.80,127400636.25
Chunk,Map,string,1000000,ns/op,72731500.00,80685041.00,75539911.07,2054391.77,74586062.50,79475795.35,80508044.43
Union,Map,string,1000000,ns/op,216192958.00,247337167.00,226916773.63,7030077.04,224865812.50,237989895.50,244725801.39
Intersection,Map,string,1000000,ns/op,274328834.00,299319292.00,284919451.40,4496492.79,285269813.00,289084131.25,296395644.82
Difference,Map,string,1000000,ns/op,265897625.00,280126541.00,273433812.43,3561228.85,274331874.50,279967175.00,280119605.36
SymmetricDifference,Map,string,1000000,ns/op,315263459.00,331208166.00,321796680.57,4701405.18,320660562.00,329748154.20,330822031.29
Add,SyncMap,int,10,ns/elem,48.46,63.04,53.03,4.02,51.41,61.22,62.91
Contains,SyncMap,int,10,ns/elem,9.42,9.98,9.60,0.14,9.57,9.88,9.96
Remove,SyncMap,int,10,ns/elem,33.30,420.80,68.61,69.92,50.00,136.49,341.08
Clone,SyncMap,int,10,ns/op,539.87,602.93,556.95,12.74,554.76,577.36,595.77
Filter,SyncMap,int,10,ns/op,346.72,386.80,364.10,9.34,363.08,379.68,385.31
MapBy,SyncMap,int,10,ns/op,384.27,410.74,399.48,6.36,400.43,407.48,409.91
Chunk,SyncMap,int,10,ns/op,1343.73,1459.50,1390.72,26.84,1384.72,1432.34,1452.44
Union,SyncMap,int,10,ns/op,943.52,1023.52,966.00,19.15,960.53,1008.32,1022.58
Intersection,SyncMap,int,10,ns/op,798.41,921.10,834.15,33.53,822.08,897.52,915.24
Difference,SyncMap,int,10,ns/op,802.57,1025.49,847.35,50.53,828.96,958.44,1013.68
SymmetricDifference,SyncMap,int,10,ns/op,1089.00,1172.93,1124.76,20.53,1121.60,1159.92,1170.20
Add,SyncMap,int,100,ns/elem,51.10,55.62,52.55,1.14,52.47,54.51,55.30
Contains,SyncMap,int,100,ns/elem,14.80,15.57,15.19,0.21,15.20,15.52,15.57
Remove,SyncMap,int,100,ns/elem,39.17,94.58,49.73,14.39,41.88,83.47,92.28
Clone,SyncMap,int,100,ns/op,6241.36,6883.80,6511.35,129.82,6512.20,6684.44,6829.28
Filter,SyncMap,int,100,ns/op,3331.38,3611.59,3481.93,63.02,3473.76,3583.95,3605.02
MapBy,SyncMap,int,100,ns/op,3519.69,3827.18,3666.61,78.17,3658.32,3798.48,3819.43
Chunk,SyncMap,int,100,ns/op,7310.48,10441.54,7814.24,561.71,7659.89,8458.56,9869.17
Union,SyncMap,int,100,ns/op,10001.52,12027.27,10624.76,501.51,10497.35,11489.17,11882.49
Intersection,SyncMap,int,100,ns/op,9197.50,9800.56,9455.53,168.08,9401.39,9762.99,9794.92
Difference,SyncMap,int,100,ns/op,9201.73,10460.37,9671.96,268.80,9651.55,10052.96,10346.16
SymmetricDifference,SyncMap,int,100,ns/op,12101.44,13431.61,12511.68,357.94,12402.44,13325.94,13414.27
Add,SyncMap,int,1000,ns/elem,60.84,72.46,63.95,2.37,63.94,67.76,71.25
Contains,SyncMap,int,1000,ns/elem,14.11,15.24,14.40,0.28,14.32,14.97,15.18
Remove,SyncMap,int,1000,ns/elem,37.83,59.75,41.88,5.12,39.15,50.72,57.38
Clone,SyncMap,int,1000,ns/op,73633.74,79828.95,75615.86,1330.11,75584.42,77223.68,79159.28
Filter,SyncMap,int,1000,ns/op,45139.26,51048.24,48157.27,1422.85,48011.53,50584.10,50924.22
MapBy,SyncMap,int,1000,ns/op,53074.22,59416.66,56123.09,1183.22,56165.38,57697.27,58974.11
Chunk,SyncMap,int,1000,ns/op,86973.68,96432.00,90669.66,2049.06,90351.97,94539.14,96131.19
Union,SyncMap,int,1000,ns/op,139491.60,163525.00,146082.22,4515.72,145495.80,152834.18,160524.72
Intersection,SyncMap,int,1000,ns/op,127410.71,137125.00,130610.91,1994.96,130784.21,133367.57,136093.59
Difference,SyncMap,int,1000,ns/op,127223.21,140663.71,131615.19,3460.94,131523.82,138076.05,139944.74
SymmetricDifference,SyncMap,int,1000,ns/op,160045.80,174283.40,166333.60,3195.33,165843.70,172319.57,173949.87
Add,SyncMap,int,10000,ns/elem,75.45,90.80,80.53,3.76,79.82,88.07,90.40
Contains,SyncMap,int,10000,ns/elem,17.08,19.05,17.64,0.55,17.43,18.89,19.01
Remove,SyncMap,int,10000,ns/elem,43.73,63.95,53.61,4.89,53.66,63.06,63.91
Clone,SyncMap,int,10000,ns/op,867229.00,946625.00,895752.77,19840.57,890968.50,929411.62,943712.96
Filter,SyncMap,int,10000,ns/op,554416.00,667833.00,584545.73,22226.00,580979.50,611046.05,652245.79
MapBy,SyncMap,int,10000,ns/op,553916.67,637777.67,576205.56,14849.61,574020.83,594371.55,626431.51
Chunk,SyncMap,int,10000,ns/op,994125.00,1131084.00,1049880.57,33386.07,1041708.50,1116264.40,1129814.96
Union,SyncMap,int,10000,ns/op,1592000.00,1876334.00,1696779.07,60118.12,1683749.50,1816908.00,1872998.71
Intersection,SyncMap,int,10000,ns/op,1562625.00,1800292.00,1629636.23,44681.27,1624958.50,1682189.40,1766917.64
Difference,SyncMap,int,10000,ns/op,1610333.00,1842416.00,1671486.03,44649.64,1663833.50,1743826.75,1817560.68
SymmetricDifference,SyncMap,int,10000,ns/op,1918209.00,2275875.00,2010972.30,85692.60,1981395.50,2199268.75,2258112.50
Add,SyncMap,int,100000,ns/elem,104.78,119.34,111.77,3.94,111.50,118.37,119.10
Contains,SyncMap,int,100000,ns/elem,24.06,33.45,27.53,2.47,27.16,32.47,33.20
Remove,SyncMap,int,100000,ns/elem,69.33,79.67,74.57,2.82,74.90,79.07,79.50
Clone,SyncMap,int,100000,ns/op,12149917.00,16346541.00,13926987.60,1205711.51,13646688.00,15913352.75,16318024.72
Filter,SyncMap,int,100000,ns/op,6990125.00,7988334.00,7422381.97,260338.02,7369521.00,7960214.25,7980684.96
MapBy,SyncMap,int,100000,ns/op,6899958.00,7829417.00,7292938.87,283285.15,7375313.00,7730343.90,7803486.07
Chunk,SyncMap,int,100000,ns/op,14110250.00,16540833.00,15551122.17,616637.85,15665917.00,16348987.80,16496148.93
Union,SyncMap,int,100000,ns/op,28605667.00,37898875.00,30695241.67,2104381.38,30172521.00,35629408.85,37719425.61
Intersection,SyncMap,int,100000,ns/op,29641792.00,36342625.00,31908058.43,1728866.57,31502000.00,35654350.15,36215496.25
Difference,SyncMap,int,100000,ns/op,32331125.00,40141291.00,34307659.70,1452199.20,33985375.00,36702098.25,39350425.04
SymmetricDifference,SyncMap,int,100000,ns/op,41662791.00,52859791.00,44155579.17,2618503.04,43505813.00,50390450.15,52813125.36
Add,SyncMap,int,1000000,ns/elem,184.94,212.84,195.66,6.40,194.68,205.31,210.66
Contains,SyncMap,int,1000000,ns/elem,72.42,83.04,74.81,2.35,73.90,78.98,82.00
Remove,SyncMap,int,1000000,ns/elem,130.57,150.42,135.56,4.74,133.52,145.52,149.12
Clone,SyncMap,int,1000000,ns/op,337776375.00,381073167.00,351812198.60,11221330.83,349655042.00,372390277.45,379857317.93
Filter,SyncMap,int,1000000,ns/op,183330541.00,202821000.00,188256697.13,4886005.41,187210313.00,199594899.85,202772787.50
MapBy,SyncMap,int,1000000,ns/op,164251042.00,186723500.00,172170868.07,5094091.96,170228083.50,181744039.10,185621306.57
Chunk,SyncMap,int,1000000,ns/op,276505375.00,337284417.00,302554423.57,15307691.06,303072875.00,327835333.85,336209254.18
Union,SyncMap,int,1000000,ns/op,692129500.00,774410958.00,726178609.80,18173051.90,723093125.50,757977566.55,771785866.11
Intersection,SyncMap,int,1000000,ns/op,709749917.00,759479875.00,734423868.17,13300703.92,731611125.00,757742943.90,759038603.75
Difference,SyncMap,int,1000000,ns/op,794151042.00,870366708.00,818084977.70,18366891.50,811749375.00,855693217.15,869034182.36
SymmetricDifference,SyncMap,int,1000000,ns/op,936775583.00,1005139708.00,970550961.03,13145401.75,973142687.00,984351454.35,999185162.36
Add,SyncMap,string,10,ns/elem,61.71,75.78,66.64,3.49,65.37,73.16,75.03
Contains,SyncMap,string,10,ns/elem,16.00,19.33,16.93,0.68,16.67,17.80,18.89
Remove,SyncMap,string,10,ns/elem,41.70,545.80,96.39,110.33,62.50,312.74,516.83
Clone,SyncMap,string,10,ns/op,726.26,780.55,748.76,12.71,747.10,774.59,778.96
Filter,SyncMap,string,10,ns/op,432.32,508.34,453.26,16.29,448.24,487.64,502.50
MapBy,SyncMap,string,10,ns/op,487.61,579.85,508.57,18.62,503.70,541.51,572.64
Chunk,SyncMap,string,10,ns/op,1359.15,1643.09,1406.03,51.26,1394.00,1456.88,1592.28
Union,SyncMap,string,10,ns/op,1281.19,1482.92,1334.70,45.93,1323.18,1441.76,1481.24
Intersection,SyncMap,string,10,ns/op,1009.45,1086.14,1044.95,21.35,1045.97,1080.22,1085.07
Difference,SyncMap,string,10,ns/op,1049.14,1256.72,1105.56,45.70,1095.21,1173.40,1233.62
SymmetricDifference,SyncMap,string,10,ns/op,1418.30,1545.71,1461.24,34.26,1449.80,1526.54,1541.17
Add,SyncMap,string,100,ns/elem,68.43,77.80,71.07,2.24,70.68,75.53,77.38
Contains,SyncMap,string,100,ns/elem,16.58,17.74,17.15,0.33,17.09,17.67,17.74
Remove,SyncMap,string,100,ns/elem,40.42,117.91,53.82,15.98,50.84,81.75,107.64
Clone,SyncMap,string,100,ns/op,8220.92,9733.88,8620.22,352.19,8553.26,9349.66,9644.57
Filter,SyncMap,string,100,ns/op,4306.58,4890.31,4462.95,140.67,4401.49,4733.85,4851.59
MapBy,SyncMap,string,100,ns/op,4474.54,4913.96,4630.91,86.61,4628.47,4730.28,4861.60
Chunk,SyncMap,string,100,ns/op,8893.70,10452.89,9270.33,391.11,9166.07,10213.84,10449.52
Union,SyncMap,string,100,ns/op,14761.54,17034.94,15260.35,493.11,15152.88,16266.54,16948.96
Intersection,SyncMap,string,100,ns/op,11232.35,12068.86,11641.20,222.84,11626.94,12026.99,12064.04
Difference,SyncMap,string,100,ns/op,11302.15,13184.88,11704.49,347.10,11609.14,12160.79,12897.76
SymmetricDifference,SyncMap,string,100,ns/op,14627.94,17209.81,15203.71,504.12,15095.58,15802.72,16805.66
Add,SyncMap,string,1000,ns/elem,71.59,87.89,75.76,3.79,74.31,83.09,86.68
Contains,SyncMap,string,1000,ns/elem,16.74,17.73,16.97,0.23,16.86,17.43,17.66
Remove,SyncMap,string,1000,ns/elem,40.04,64.25,45.92,7.32,42.44,62.31,64.12
Clone,SyncMap,string,1000,ns/op,91220.24,105252.00,96644.38,2964.82,96581.38,102401.89,104943.58
Filter,SyncMap,string,1000,ns/op,54453.84,59287.16,56774.33,1172.40,56871.05,58870.70,59231.64
MapBy,SyncMap,string,1000,ns/op,69442.71,80071.21,72758.79,2266.79,72292.52,76902.88,79227.38
Chunk,SyncMap,string,1000,ns/op,96041.65,114321.06,100163.07,5249.57,98275.74,112760.04,113926.57
Union,SyncMap,string,1000,ns/op,169187.50,200031.25,177049.31,7091.94,175609.38,193420.83,199375.73
Intersection,SyncMap,string,1000,ns/op,136982.67,160486.08,144208.68,4810.72,143184.00,154078.63,159680.54
Difference,SyncMap,string,1000,ns/op,136250.00,157859.00,142197.65,4347.26,141459.92,150615.68,156018.59
SymmetricDifference,SyncMap,string,1000,ns/op,174092.56,201888.89,180062.80,6050.02,178745.33,192388.19,201361.25
Add,SyncMap,string,10000,ns/elem,71.21,86.33,74.30,3.42,73.33,81.54,85.83
Contains,SyncMap,string,10000,ns/elem,19.32,20.48,19.75,0.29,19.70,20.30,20.47
Remove,SyncMap,string,10000,ns/elem,44.52,63.60,54.92,5.82,54.80,62.75,63.38
Clone,SyncMap,string,10000,ns/op,952875.00,1181250.00,1040301.47,48079.15,1030354.50,1136200.30,1169577.50
Filter,SyncMap,string,10000,ns/op,595625.00,666750.00,626263.23,16645.58,624364.50,653530.30,663946.71
MapBy,SyncMap,string,10000,ns/op,662729.00,725437.50,686686.78,13706.26,684791.75,707856.25,721268.75
Chunk,SyncMap,string,10000,ns/op,1088666.00,1296000.00,1149974.97,42010.85,1144208.00,1212385.60,1273355.93
Union,SyncMap,string,10000,ns/op,1781166.00,2062459.00,1867649.93,58091.10,1856250.50,1976893.75,2046339.64
Intersection,SyncMap,string,10000,ns/op,1732375.00,2046459.00,1840581.93,55275.60,1836666.50,1916483.85,2009701.50
Difference,SyncMap,string,10000,ns/op,1824000.00,2052875.00,1918315.27,64953.80,1901250.50,2036787.50,2048307.50
SymmetricDifference,SyncMap,string,10000,ns/op,2107209.00,2714167.00,2246541.57,136837.65,2208791.50,2541626.90,2688006.39
Add,SyncMap,string,100000,ns/elem,124.32,141.36,131.89,4.59,131.53,140.95,141.26
Contains,SyncMap,string,100000,ns/elem,28.31,36.55,30.87,2.29,30.10,35.41,36.24
Remove,SyncMap,string,100000,ns/elem,69.82,83.15,76.91,2.96,76.82,81.82,82.97
Clone,SyncMap,string,100000,ns/op,13718334.00,19012625.00,15999115.33,1737723.76,15253791.50,18725409.00,18957259.36
Filter,SyncMap,string,100000,ns/op,8181542.00,13805084.00,9261262.57,1105690.77,8972083.00,11065574.85,13148717.14
MapBy,SyncMap,string,100000,ns/op,8729917.00,10555583.00,9432780.63,491325.20,9270417.00,10230237.20,10464571.43
Chunk,SyncMap,string,100000,ns/op,14932042.00,18125041.00,16188187.60,799578.48,16029500.00,17546893.90,18024580.36
Union,SyncMap,string,100000,ns/op,36318375.00,46274958.00,39206899.97,2175841.20,38872687.50,43223639.25,45622023.00
Intersection,SyncMap,string,100000,ns/op,35680250.00,48295875.00,38490295.80,3209460.10,37540375.00,45680481.25,47985792.50
Difference,SyncMap,string,100000,ns/op,38573333.00,45110750.00,41060125.00,1706172.22,40740583.00,44499554.35,44939299.68
SymmetricDifference,SyncMap,string,100000,ns/op,51617000.00,60242709.00,54786562.53,2378369.13,54197062.50,59638353.95,60114262.78
Add,SyncMap,string,1000000,ns/elem,225.86,257.51,238.06,8.47,234.81,253.56,257.36
Contains,SyncMap,string,1000000,ns/elem,76.69,84.51,79.42,2.07,78.97,83.36,84.26
Remove,SyncMap,string,1000000,ns/elem,129.30,159.23,138.85,7.52,135.58,156.53,158.83
Clone,SyncMap,string,1000000,ns/op,455444667.00,491700709.00,472511215.37,9122825.92,471971708.50,487424139.55,490575218.71
Filter,SyncMap,string,1000000,ns/op,256507084.00,293240208.00,267481501.43,9099750.22,265595479.00,282023545.65,290760273.00
MapBy,SyncMap,string,1000000,ns/op,261878042.00,282474584.00,271512252.80,6012451.50,271256229.50,281174085.45,282345775.57
Chunk,SyncMap,string,1000000,ns/op,401777208.00,440763292.00,412637054.17,9684287.91,411229292.00,432526877.05,439279917.64
Union,SyncMap,string,1000000,ns/op,1019550625.00,1082887625.00,1045239568.03,14327343.73,1042124187.50,1065108306.55,1077777825.00
Intersection,SyncMap,string,1000000,ns/op,911352500.00,971659833.00,943067151.57,18126747.93,946189417.00,967593140.10,970584440.79
Difference,SyncMap,string,1000000,ns/op,1065495791.00,1119738667.00,1084394534.70,13575382.92,1082665187.50,1109107633.00,1119107892.64
SymmetricDifference,SyncMap,string,1000000,ns/op,1300956667.00,1514323333.00,1380603998.70,63669814.00,1358708667.00,1506468649.85,1512309693.93
Add,Locked,int,10,ns/elem,47.67,55.43,50.53,1.63,50.14,53.29,54.93
Contains,Locked,int,10,ns/elem,12.23,13.22,12.54,0.26,12.52,13.03,13.17
Remove,Locked,int,10,ns/elem,41.60,162.50,70.82,27.81,58.35,118.95,150.41
Clone,Locked,int,10,ns/op,513.11,571.69,540.38,17.39,534.84,569.73,571.13
Filter,Locked,int,10,ns/op,295.17,333.39,308.11,7.53,308.05,318.44,329.20
MapBy,Locked,int,10,ns/op,458.98,536.33,486.42,18.52,484.39,527.97,535.75
Chunk,Locked,int,10,ns/op,1316.04,1564.08,1395.79,43.66,1388.12,1452.74,1534.53
Union,Locked,int,10,ns/op,1061.98,1130.26,1094.13,15.88,1095.09,1121.72,1128.53
Intersection,Locked,int,10,ns/op,873.64,959.93,903.09,20.04,900.37,945.71,958.98
Difference,Locked,int,10,ns/op,879.16,941.09,905.10,17.74,903.34,936.64,940.90
SymmetricDifference,Locked,int,10,ns/op,979.43,1039.55,1004.99,13.80,1002.22,1033.35,1038.79
Add,Locked,int,100,ns/elem,41.85,44.62,43.14,0.80,43.00,44.48,44.58
Contains,Locked,int,100,ns/elem,12.17,12.91,12.42,0.19,12.38,12.79,12.88
Remove,Locked,int,100,ns/elem,30.42,67.50,37.21,7.17,34.79,46.07,61.34
Clone,Locked,int,100,ns/op,4581.09,5068.42,4711.17,100.50,4690.70,4836.27,5003.51
Filter,Locked,int,100,ns/op,2656.00,2815.25,2736.71,39.14,2739.29,2807.14,2813.58
MapBy,Locked,int,100,ns/op,3654.84,4030.97,3778.48,79.83,3782.00,3936.30,4021.09
Chunk,Locked,int,100,ns/op,4982.02,5380.41,5148.78,89.13,5132.02,5291.41,5361.37
Union,Locked,int,100,ns/op,8825.00,9509.79,9023.49,144.91,9005.94,9218.20,9432.76
Intersection,Locked,int,100,ns/op,8429.63,9187.50,8679.90,185.63,8615.73,9071.49,9155.45
Difference,Locked,int,100,ns/op,8110.00,8736.76,8359.74,155.11,8317.97,8669.60,8722.17
SymmetricDifference,Locked,int,100,ns/op,10515.55,11520.00,10934.19,267.04,10872.36,11481.92,11509.61
Add,Locked,int,1000,ns/elem,52.03,55.92,53.78,0.85,53.81,55.18,55.72
Contains,Locked,int,1000,ns/elem,12.12,12.47,12.30,0.08,12.31,12.43,12.46
Remove,Locked,int,1000,ns/elem,29.83,42.04,33.10,2.72,32.27,38.30,41.29
Clone,Locked,int,1000,ns/op,57085.53,61696.26,58955.01,1156.61,58827.84,61132.24,61671.78
Filter,Locked,int,1000,ns/op,33171.88,35718.11,34342.32,637.43,34118.49,35568.92,35685.63
MapBy,Locked,int,1000,ns/op,48021.33,55814.93,50292.93,1779.38,49998.06,53534.79,55338.06
Chunk,Locked,int,1000,ns/op,48181.62,53633.56,50224.32,1105.87,50215.28,51713.26,53122.96
Union,Locked,int,1000,ns/op,84056.82,90412.86,86090.91,1271.81,85907.20,87791.84,89722.47
Intersection,Locked,int,1000,ns/op,87775.81,99898.81,90766.47,2480.38,90460.31,95365.99,99169.21
Difference,Locked,int,1000,ns/op,87708.33,96752.00,90960.84,2003.48,90606.17,95509.40,96750.26
SymmetricDifference,Locked,int,1000,ns/op,98528.47,109026.32,101773.32,2036.08,101484.63,105536.40,108567.15
Add,Locked,int,10000,ns/elem,49.76,57.96,52.25,1.77,51.53,55.56,57.36
Contains,Locked,int,10000,ns/elem,13.06,14.03,13.38,0.27,13.31,13.94,14.01
Remove,Locked,int,10000,ns/elem,31.37,45.34,33.89,3.37,33.03,42.81,45.14
Clone,Locked,int,10000,ns/op,502611.00,568027.67,526759.27,13788.08,526173.50,548579.07,562739.23
Filter,Locked,int,10000,ns/op,293656.25,322021.00,304847.28,8256.18,302192.75,319142.22,321380.53
MapBy,Locked,int,10000,ns/op,466281.25,524354.00,493349.33,15101.90,491651.12,518371.95,523317.90
Chunk,Locked,int,10000,ns/op,608875.00,663041.67,637032.84,13092.52,638048.50,657602.72,662131.36
Union,Locked,int,10000,ns/op,1035833.00,1120750.00,1066852.77,20391.47,1067833.50,1097106.25,1114007.50
Intersection,Locked,int,10000,ns/op,888625.00,1026208.00,917901.42,26773.85,909927.00,962394.97,1009412.36
Difference,Locked,int,10000,ns/op,900062.50,984854.00,926802.07,20595.13,921447.75,969287.57,981144.46
SymmetricDifference,Locked,int,10000,ns/op,1066042.00,1139917.00,1095431.93,20990.60,1091229.00,1135910.05,1139771.71
Add,Locked,int,100000,ns/elem,45.98,50.05,47.39,0.95,47.18,49.57,49.98
Contains,Locked,int,100000,ns/elem,14.75,17.34,15.19,0.56,15.02,16.34,17.19
Remove,Locked,int,100000,ns/elem,33.69,47.48,36.82,4.40,34.85,47.05,47.47
Clone,Locked,int,100000,ns/op,5106292.00,5920958.00,5321862.57,187063.36,5263249.50,5711556.55,5910675.18
Filter,Locked,int,100000,ns/op,2894500.00,3171500.00,2990886.13,73153.23,2971687.50,3145968.60,3167657.50
MapBy,Locked,int,100000,ns/op,4259917.00,4982834.00,4513247.27,225036.68,4406208.00,4915751.90,4968986.21
Chunk,Locked,int,100000,ns/op,5416250.00,6064667.00,5652101.37,161199.46,5613020.50,5923118.75,6034531.07
Union,Locked,int,100000,ns/op,9931542.00,11098334.00,10379918.10,274796.66,10332333.00,10980489.55,11074082.46
Intersection,Locked,int,100000,ns/op,9460459.00,12320125.00,10027640.30,605410.38,9897187.50,11167876.75,12133715.32
Difference,Locked,int,100000,ns/op,9563667.00,10041875.00,9740524.97,134968.99,9718812.50,9953219.05,10019073.75
SymmetricDifference,Locked,int,100000,ns/op,12812166.00,14812083.00,13575340.23,437312.69,13531812.50,14445541.30,14773537.07
Add,Locked,int,1000000,ns/elem,70.43,85.62,75.21,3.21,74.44,81.64,84.64
Contains,Locked,int,1000000,ns/elem,35.23,46.89,39.14,2.49,38.78,44.22,46.48
Remove,Locked,int,1000000,ns/elem,81.07,109.34,90.00,6.81,87.64,101.33,107.18
Clone,Locked,int,1000000,ns/op,84610334.00,92685292.00,87948398.63,2150849.25,87676458.50,92462525.15,92648268.57
Filter,Locked,int,1000000,ns/op,42010292.00,53380208.00,45829148.57,2851682.27,45087604.00,52685060.30,53331512.36
MapBy,Locked,int,1000000,ns/op,68434750.00,81902750.00,73807202.80,2609333.69,72949375.00,79456143.75,81400615.00
Chunk,Locked,int,1000000,ns/op,55951750.00,59134791.00,57196940.47,680410.07,57186229.50,58448990.25,59057192.22
Union,Locked,int,1000000,ns/op,162245542.00,184856833.00,168674109.80,4577449.68,167383354.50,178278640.25,182970020.79
Intersection,Locked,int,1000000,ns/op,215534125.00,242576333.00,225250262.50,7471881.32,223589771.00,241218723.10,242448721.11
Difference,Locked,int,1000000,ns/op,213938750.00,240066416.00,219564794.33,5733146.59,217217229.00,228363939.55,236695214.43
SymmetricDifference,Locked,int,1000000,ns/op,252342292.00,269187250.00,260361384.67,4461874.05,259016708.50,267230253.80,268625713.14
Add,Locked,string,10,ns/elem,53.81,60.72,55.92,1.51,55.36,59.05,60.38
Contains,Locked,string,10,ns/elem,15.74,16.48,16.01,0.16,15.99,16.33,16.45
Remove,Locked,string,10,ns/elem,41.70,416.70,81.39,66.99,58.30,139.58,341.76
Clone,Locked,string,10,ns/op,635.51,735.63,654.44,17.24,651.72,669.21,716.56
Filter,Locked,string,10,ns/op,334.25,381.93,346.32,8.93,345.75,360.18,376.11
MapBy,Locked,string,10,ns/op,552.09,645.90,581.75,19.12,576.11,621.69,643.77
Chunk,Locked,string,10,ns/op,1451.55,1787.47,1567.21,78.23,1545.27,1747.49,1784.72
Union,Locked,string,10,ns/op,1349.34,1522.40,1404.37,44.31,1401.05,1481.32,1511.38
Intersection,Locked,string,10,ns/op,1015.12,1131.48,1042.26,23.55,1038.11,1077.52,1116.19
Difference,Locked,string,10,ns/op,1010.95,1123.14,1039.29,25.36,1031.90,1097.95,1123.09
SymmetricDifference,Locked,string,10,ns/op,1167.05,1222.13,1190.49,14.93,1186.74,1217.71,1221.05
Add,Locked,string,100,ns/elem,48.79,54.59,50.75,1.20,50.81,52.76,54.13
Contains,Locked,string,100,ns/elem,16.07,17.33,16.40,0.28,16.35,16.92,17.24
Remove,Locked,string,100,ns/elem,36.25,82.08,43.50,8.49,41.25,52.31,73.50
Clone,Locked,string,100,ns/op,5672.93,6140.72,5953.37,98.78,5951.88,6102.41,6133.20
Filter,Locked,string,100,ns/op,3017.70,3271.34,3124.35,58.41,3108.77,3250.19,3268.94
MapBy,Locked,string,100,ns/op,5051.36,5776.06,5278.78,184.16,5220.61,5623.88,5760.87
Chunk,Locked,string,100,ns/op,5638.89,6432.66,5922.18,165.39,5886.31,6230.66,6383.24
Union,Locked,string,100,ns/op,11334.31,12735.13,11733.50,386.53,11596.61,12561.43,12710.90
Intersection,Locked,string,100,ns/op,9572.42,10432.79,9895.27,183.84,9877.60,10197.59,10376.69
Difference,Locked,string,100,ns/op,9438.47,10525.91,9859.72,260.07,9866.69,10284.56,10481.33
SymmetricDifference,Locked,string,100,ns/op,13093.20,14489.40,13581.58,297.54,13548.25,14030.73,14356.48
Add,Locked,string,1000,ns/elem,63.79,73.01,66.70,2.15,66.26,70.85,72.50
Contains,Locked,string,1000,ns/elem,15.98,17.23,16.45,0.36,16.37,17.17,17.22
Remove,Locked,string,1000,ns/elem,33.25,54.54,36.94,4.84,35.46,47.73,54.31
Clone,Locked,string,1000,ns/op,68432.81,77069.90,71787.95,2284.65,71342.08,76077.42,77050.80
Filter,Locked,string,1000,ns/op,39086.30,42097.46,40493.55,724.68,40448.29,42009.88,42090.13
MapBy,Locked,string,1000,ns/op,60962.25,68536.47,63443.67,1868.04,62946.62,67920.96,68423.56
Chunk,Locked,string,1000,ns/op,56390.30,61105.57,57834.12,1075.50,57670.83,60224.02,61072.13
Union,Locked,string,1000,ns/op,96263.87,103816.67,99360.09,1727.12,98925.00,102291.66,103497.67
Intersection,Locked,string,1000,ns/op,104770.83,112423.61,108012.35,1758.73,107635.42,110953.02,112098.04
Difference,Locked,string,1000,ns/op,104848.00,115740.24,109116.99,2918.16,108523.26,115209.67,115714.63
SymmetricDifference,Locked,string,1000,ns/op,118809.94,126960.94,121835.77,2015.55,121126.28,124907.29,126408.89
Add,Locked,string,10000,ns/elem,55.00,60.74,56.57,1.26,56.21,58.52,60.17
Contains,Locked,string,10000,ns/elem,17.75,19.20,18.13,0.32,18.09,18.79,19.08
Remove,Locked,string,10000,ns/elem,36.48,53.51,41.20,5.15,38.62,50.69,53.15
Clone,Locked,string,10000,ns/op,684805.67,757694.33,705618.49,17430.91,700201.33,745198.50,754516.42
Filter,Locked,string,10000,ns/op,382550.00,427850.00,399102.49,9190.85,398979.10,409608.40,422625.19
MapBy,Locked,string,10000,ns/op,586264.00,661569.33,621017.14,18346.99,618395.83,655334.83,660272.45
Chunk,Locked,string,10000,ns/op,714625.00,805875.00,745225.01,17497.63,744514.00,773777.18,799482.92
Union,Locked,string,10000,ns/op,1200959.00,1350208.00,1248637.57,39094.35,1235479.50,1333868.75,1346921.43
Intersection,Locked,string,10000,ns/op,1094458.00,1218708.00,1121622.20,23484.41,1116812.50,1150397.95,1201404.86
Difference,Locked,string,10000,ns/op,1091458.00,1195708.00,1124784.63,23131.44,1117875.50,1167139.10,1188603.00
SymmetricDifference,Locked,string,10000,ns/op,1271333.00,1385041.00,1313845.77,29126.54,1303291.50,1373229.65,1382213.79
Add,Locked,string,100000,ns/elem,59.19,64.22,61.34,1.10,61.45,62.76,63.83
Contains,Locked,string,100000,ns/elem,20.15,24.06,21.14,0.94,20.81,22.91,23.73
Remove,Locked,string,100000,ns/elem,49.61,72.44,55.98,5.28,54.36,66.37,71.20
Clone,Locked,string,100000,ns/op,6907041.00,8639500.00,7412647.20,373434.37,7389145.50,8057368.90,8492796.25
Filter,Locked,string,100000,ns/op,3523916.00,3855625.00,3639448.53,82592.20,3618854.50,3805029.20,3851142.18
MapBy,Locked,string,100000,ns/op,5924000.00,6634875.00,6186361.13,149247.49,6201709.00,6411287.50,6580898.75
Chunk,Locked,string,100000,ns/op,6965917.00,7619458.00,7205016.67,135039.55,7183813.00,7467357.85,7587050.50
Union,Locked,string,100000,ns/op,13673333.00,14814250.00,14234431.93,320363.19,14210292.00,14754131.10,14799170.00
Intersection,Locked,string,100000,ns/op,12063542.00,14494250.00,12494483.47,550041.96,12312562.50,13673535.90,14407552.18
Difference,Locked,string,100000,ns/op,11936708.00,16712792.00,12492168.07,838108.38,12264812.50,13045937.65,15656201.07
SymmetricDifference,Locked,string,100000,ns/op,17327000.00,18473334.00,17883848.70,295346.52,17873750.00,18302875.00,18427815.89
Add,Locked,string,1000000,ns/elem,120.15,128.70,123.45,2.19,123.47,127.29,128.31
Contains,Locked,string,1000000,ns/elem,65.43,74.72,68.91,1.67,68.99,71.14,73.93
Remove,Locked,string,1000000,ns/elem,123.57,135.80,129.20,2.83,129.27,135.25,135.69
Clone,Locked,string,1000000,ns/op,132833333.00,149769167.00,139652009.73,3935028.13,138098770.50,148055893.75,149606609.82
Filter,Locked,string,1000000,ns/op,64956041.00,71099625.00,67258909.73,1362751.22,67090417.00,69830760.20,70933684.39
MapBy,Locked,string,1000000,ns/op,114832458.00,136952042.00,122015804.07,4266235.72,121234896.00,129887698.25,135482394.50
Chunk,Locked,string,1000000,ns/op,83328042.00,92272875.00,85840659.80,1843554.35,85420792.00,89173865.10,91475109.36
Union,Locked,string,1000000,ns/op,264279334.00,290124917.00,275389476.37,7025905.69,271685312.50,286698426.75,289287916.39
Intersection,Locked,string,1000000,ns/op,302034333.00,342154250.00,311284865.37,7939320.12,308991125.00,321200412.50,336130261.25
Difference,Locked,string,1000000,ns/op,299883375.00,324997791.00,314836313.83,5701546.02,313416875.00,324330193.60,324864777.86
SymmetricDifference,Locked,string,1000000,ns/op,376622084.00,468257791.00,426777316.73,21094275.99,433022354.50,451075049.70,463879576.61
Add,Ordered,int,10,ns/elem,56.99,70.29,61.09,2.97,60.53,65.45,68.97
Contains,Ordered,int,10,ns/elem,5.23,5.64,5.38,0.11,5.36,5.55,5.61
Remove,Ordered,int,10,ns/elem,95.80,729.20,175.27,123.27,133.30,357.25,634.92
Clone,Ordered,int,10,ns/op,612.48,737.80,661.11,36.11,649.74,722.64,734.36
Filter,Ordered,int,10,ns/op,368.61,407.01,383.74,8.41,383.18,395.85,403.84
MapBy,Ordered,int,10,ns/op,356.82,402.35,372.46,12.34,369.66,399.47,401.74
Chunk,Ordered,int,10,ns/op,1643.07,1899.50,1743.75,72.12,1714.09,1856.39,1887.42
Union,Ordered,int,10,ns/op,984.81,1158.95,1040.42,36.99,1032.98,1122.81,1152.49
Intersection,Ordered,int,10,ns/op,771.56,1269.48,850.25,87.70,830.58,917.50,1168.26
Difference,Ordered,int,10,ns/op,759.68,961.08,832.85,62.64,809.85,952.93,959.53
SymmetricDifference,Ordered,int,10,ns/op,836.33,965.53,893.58,33.97,881.47,956.45,963.08
Add,Ordered,int,100,ns/elem,41.84,48.92,44.47,1.78,44.01,47.60,48.62
Contains,Ordered,int,100,ns/elem,4.88,5.33,5.03,0.12,5.00,5.25,5.31
Remove,Ordered,int,100,ns/elem,67.50,174.59,91.89,24.13,84.16,125.93,162.38
Clone,Ordered,int,100,ns/op,4792.41,5601.99,5086.45,207.25,5051.18,5524.59,5598.92
Filter,Ordered,int,100,ns/op,2405.14,3179.11,2643.05,203.01,2550.93,3088.26,3163.10
MapBy,Ordered,int,100,ns/op,3071.18,3420.14,3222.16,101.52,3208.48,3377.61,3411.61
Chunk,Ordered,int,100,ns/op,6662.93,8318.59,7119.56,400.11,7021.91,7948.69,8222.33
Union,Ordered,int,100,ns/op,8714.92,10610.31,9553.48,558.56,9410.96,10479.26,10596.57
Intersection,Ordered,int,100,ns/op,6631.03,8264.80,7024.15,383.26,6955.23,7914.91,8216.95
Difference,Ordered,int,100,ns/op,7511.04,8960.51,7970.65,315.28,7873.76,8497.03,8835.39
SymmetricDifference,Ordered,int,100,ns/op,10238.20,12273.12,11152.84,499.30,11202.91,11909.70,12168.42
Add,Ordered,int,1000,ns/elem,52.22,69.31,56.53,4.18,54.72,64.65,68.07
Contains,Ordered,int,1000,ns/elem,5.49,6.13,5.69,0.14,5.67,5.96,6.10
Remove,Ordered,int,1000,ns/elem,55.38,81.46,63.10,5.07,62.98,70.27,78.43
Clone,Ordered,int,1000,ns/op,56235.35,67170.05,61399.92,3211.06,61871.05,65417.34,66751.70
Filter,Ordered,int,1000,ns/op,29285.52,35168.72,31595.58,1587.14,31897.88,34316.23,35097.02
MapBy,Ordered,int,1000,ns/op,39200.75,45576.70,41963.32,1573.36,41687.98,44768.13,45353.71
Chunk,Ordered,int,1000,ns/op,50530.97,61432.69,55689.17,2533.50,55364.85,59862.72,61023.41
Union,Ordered,int,1000,ns/op,74545.45,87905.32,79399.49,3051.32,78589.00,84908.98,87285.76
Intersection,Ordered,int,1000,ns/op,80571.21,93383.67,85285.42,2409.97,84802.08,88545.31,92026.31
Difference,Ordered,int,1000,ns/op,78297.09,91246.39,85265.95,2678.32,84971.93,90295.03,91071.45
SymmetricDifference,Ordered,int,1000,ns/op,96153.47,107307.00,100703.36,2595.68,100133.76,105282.57,106779.15
Add,Ordered,int,10000,ns/elem,56.23,67.35,61.23,2.59,61.15,65.40,66.88
Contains,Ordered,int,10000,ns/elem,7.18,7.69,7.38,0.15,7.31,7.63,7.68
Remove,Ordered,int,10000,ns/elem,60.23,68.68,63.45,2.42,62.46,67.66,68.43
Clone,Ordered,int,10000,ns/op,570604.00,627958.50,600684.75,13667.29,597458.50,621697.03,626194.29
Filter,Ordered,int,10000,ns/op,311433.20,343691.60,320374.16,7017.00,319383.30,330497.09,340151.22
MapBy,Ordered,int,10000,ns/op,382633.20,412350.00,395499.99,6878.29,394304.20,406510.43,410716.37
Chunk,Ordered,int,10000,ns/op,552236.00,625680.67,578761.54,16381.77,574146.00,607707.52,621970.99
Union,Ordered,int,10000,ns/op,907958.00,1086209.00,957130.47,46927.20,937396.00,1067843.75,1084227.14
Intersection,Ordered,int,10000,ns/op,827750.00,901042.00,858045.87,16109.89,855354.50,881508.30,895725.14
Difference,Ordered,int,10000,ns/op,826042.00,938959.00,864179.27,28246.04,855146.00,928593.90,936469.64
SymmetricDifference,Ordered,int,10000,ns/op,976875.00,1073375.00,1007212.43,23695.87,1000875.00,1058185.75,1072770.93
Add,Ordered,int,100000,ns/elem,53.75,61.59,56.47,2.07,56.19,60.62,61.42
Contains,Ordered,int,100000,ns/elem,8.88,10.02,9.25,0.28,9.15,9.67,9.92
Remove,Ordered,int,100000,ns/elem,70.38,76.01,72.49,1.48,72.13,75.50,75.88
Clone,Ordered,int,100000,ns/op,5124375.00,5648375.00,5313958.33,134403.71,5295021.50,5594777.20,5643940.32
Filter,Ordered,int,100000,ns/op,2842083.00,3353416.00,3006781.93,114198.59,2991625.00,3230480.95,3327775.36
MapBy,Ordered,int,100000,ns/op,3433500.00,3710792.00,3515609.70,62265.94,3497062.50,3638475.15,3699651.07
Chunk,Ordered,int,100000,ns/op,5737333.00,6329792.00,5986719.47,151347.17,5961750.00,6247804.65,6309419.50
Union,Ordered,int,100000,ns/op,9472916.00,10487791.00,9861918.00,237422.54,9812729.00,10336600.15,10465847.86
Intersection,Ordered,int,100000,ns/op,9198833.00,10109666.00,9580437.47,240107.03,9571291.50,9996078.95,10079433.50
Difference,Ordered,int,100000,ns/op,9495375.00,11183792.00,9866825.03,380891.67,9755250.00,10597631.25,11057702.32
SymmetricDifference,Ordered,int,100000,ns/op,12591583.00,13953167.00,13017032.00,273713.31,12960479.50,13364970.65,13784036.39
Add,Ordered,int,1000000,ns/elem,79.00,89.09,82.10,2.50,81.58,86.56,88.56
Contains,Ordered,int,1000000,ns/elem,25.25,35.49,29.55,2.40,29.57,33.33,34.86
Remove,Ordered,int,1000000,ns/elem,143.64,195.63,169.67,17.77,168.12,195.11,195.54
Clone,Ordered,int,1000000,ns/op,79831917.00,94838459.00,84753354.23,4142543.99,82893458.50,93507671.05,94474617.75
Filter,Ordered,int,1000000,ns/op,37651875.00,44945042.00,40989437.53,1845885.20,40954333.00,43578195.80,44551451.39
MapBy,Ordered,int,1000000,ns/op,58629708.00,74094333.00,67375725.00,3524973.67,66148270.50,72561456.40,73746526.43
Chunk,Ordered,int,1000000,ns/op,58009583.00,63479375.00,59926854.17,1663042.76,59067979.50,62862646.05,63394646.86
Union,Ordered,int,1000000,ns/op,137617458.00,169001958.00,153770206.93,9637497.82,156435416.50,166428333.85,168627423.29
Intersection,Ordered,int,1000000,ns/op,186399375.00,217246416.00,203568754.03,7567631.84,203325083.50,215919370.65,217243818.18
Difference,Ordered,int,1000000,ns/op,189263417.00,218633625.00,207531109.63,7493732.22,208080687.50,217195816.70,218444230.93
SymmetricDifference,Ordered,int,1000000,ns/op,241470666.00,273690291.00,252913904.07,6875899.45,253340500.00,264203526.75,271282360.68
Add,Ordered,string,10,ns/elem,71.86,92.28,77.90,5.82,75.51,90.53,92.02
Contains,Ordered,string,10,ns/elem,7.09,7.63,7.23,0.14,7.20,7.57,7.63
Remove,Ordered,string,10,ns/elem,104.20,341.70,180.98,62.07,168.75,329.56,339.26
Clone,Ordered,string,10,ns/op,761.49,898.30,794.65,29.10,789.68,851.31,892.02
Filter,Ordered,string,10,ns/op,441.43,493.95,461.28,11.99,459.68,483.71,492.27
MapBy,Ordered,string,10,ns/op,454.96,535.19,475.26,17.07,472.40,511.13,533.41
Chunk,Ordered,string,10,ns/op,1740.05,1925.11,1839.99,47.35,1828.33,1920.75,1924.62
Union,Ordered,string,10,ns/op,1296.39,1491.48,1351.39,47.51,1338.10,1457.23,1485.49
Intersection,Ordered,string,10,ns/op,957.81,1113.54,1006.92,33.56,997.97,1072.25,1103.34
Difference,Ordered,string,10,ns/op,1084.52,1338.83,1156.24,53.05,1139.61,1256.56,1325.52
SymmetricDifference,Ordered,string,10,ns/op,1071.70,1254.20,1123.64,35.16,1118.78,1184.40,1237.54
Add,Ordered,string,100,ns/elem,63.77,77.91,67.38,3.28,66.52,74.74,77.31
Contains,Ordered,string,100,ns/elem,8.05,8.85,8.30,0.18,8.22,8.69,8.83
Remove,Ordered,string,100,ns/elem,81.67,278.34,109.14,37.66,93.95,153.04,243.42
Clone,Ordered,string,100,ns/op,6068.51,7132.97,6633.06,354.39,6803.90,7050.71,7111.36
Filter,Ordered,string,100,ns/op,3447.46,3752.12,3605.42,84.58,3614.26,3740.31,3751.80
MapBy,Ordered,string,100,ns/op,4433.08,4897.15,4647.93,114.37,4626.44,4863.75,4896.75
Chunk,Ordered,string,100,ns/op,8390.65,9757.95,8999.39,385.09,8933.65,9680.79,9738.81
Union,Ordered,string,100,ns/op,12116.66,14374.46,12802.12,494.23,12701.75,13819.69,14326.36
Intersection,Ordered,string,100,ns/op,9447.39,11513.26,10190.12,473.75,10091.96,11201.91,11505.33
Difference,Ordered,string,100,ns/op,9653.41,11396.92,10457.65,354.59,10406.39,11037.78,11340.19
SymmetricDifference,Ordered,string,100,ns/op,13162.54,15215.21,13813.70,476.17,13767.39,14662.74,15086.99
Add,Ordered,string,1000,ns/elem,73.65,79.90,76.29,1.61,76.32,78.88,79.73
Contains,Ordered,string,1000,ns/elem,7.20,7.66,7.34,0.12,7.32,7.60,7.66
Remove,Ordered,string,1000,ns/elem,70.21,86.83,75.92,4.15,74.81,84.37,86.20
Clone,Ordered,string,1000,ns/op,74689.00,82901.79,77790.23,1967.52,77173.36,81437.37,82639.84
Filter,Ordered,string,1000,ns/op,39663.14,44255.66,41140.65,1242.25,40810.73,44130.86,44247.67
MapBy,Ordered,string,1000,ns/op,53042.76,62906.82,55382.49,2458.04,54264.25,59613.82,62094.37
Chunk,Ordered,string,1000,ns/op,66777.79,79622.45,70275.72,2490.33,69504.42,73559.09,77988.65
Union,Ordered,string,1000,ns/op,98699.06,121127.33,106925.46,6245.45,104958.36,118820.49,121122.63
Intersection,Ordered,string,1000,ns/op,102625.00,117897.90,108878.26,3206.94,108634.38,114773.34,117188.62
Difference,Ordered,string,1000,ns/op,105750.00,117846.47,109913.01,2969.58,109664.47,116138.71,117773.35
SymmetricDifference,Ordered,string,1000,ns/op,125703.41,136149.53,129334.97,2455.95,128612.74,133537.28,135425.25
Add,Ordered,string,10000,ns/elem,75.71,101.66,87.28,6.16,86.89,96.10,100.06
Contains,Ordered,string,10000,ns/elem,9.16,10.33,9.38,0.25,9.30,9.80,10.20
Remove,Ordered,string,10000,ns/elem,77.25,91.12,81.38,3.56,80.45,89.93,91.03
Clone,Ordered,string,10000,ns/op,739375.00,832396.00,779271.57,22235.43,778114.50,826691.65,831894.45
Filter,Ordered,string,10000,ns/op,379141.60,430691.60,405918.89,14887.65,405841.60,427831.63,430184.10
MapBy,Ordered,string,10000,ns/op,501260.25,620927.00,541177.46,28859.46,536453.12,594441.75,613311.53
Chunk,Ordered,string,10000,ns/op,757729.50,911208.50,817297.88,33707.26,818406.25,873213.38,902351.32
Union,Ordered,string,10000,ns/op,1418875.00,1720708.00,1587265.40,79340.70,1586104.00,1707971.35,1717590.79
Intersection,Ordered,string,10000,ns/op,1036959.00,1139750.00,1070768.13,19861.68,1065021.00,1108464.40,1131617.82
Difference,Ordered,string,10000,ns/op,1025541.00,1123833.00,1068851.33,23268.77,1063021.00,1118120.50,1122926.75
SymmetricDifference,Ordered,string,10000,ns/op,1206083.00,1313417.00,1244934.90,24847.45,1236208.50,1295993.60,1312969.82
Add,Ordered,string,100000,ns/elem,84.19,96.09,91.19,2.75,90.85,95.58,95.99
Contains,Ordered,string,100000,ns/elem,11.11,15.63,11.97,1.02,11.60,14.16,15.44
Remove,Ordered,string,100000,ns/elem,86.49,98.84,89.93,2.59,89.63,93.96,97.50
Clone,Ordered,string,100000,ns/op,6950833.00,7678917.00,7238170.90,184274.24,7239312.50,7595231.25,7665854.82
Filter,Ordered,string,100000,ns/op,3751375.00,4402583.00,3988931.97,179527.73,3954875.00,4348027.45,4396674.54
MapBy,Ordered,string,100000,ns/op,4323292.00,4567875.00,4415665.27,64887.13,4403687.50,4521431.25,4555695.00
Chunk,Ordered,string,100000,ns/op,7470167.00,8180458.00,7726258.37,158706.81,7723979.00,8007443.60,8131496.43
Union,Ordered,string,100000,ns/op,12659292.00,14298750.00,13300680.60,370023.30,13236625.00,13854723.25,14198023.43
Intersection,Ordered,string,100000,ns/op,12329750.00,14205334.00,13022074.87,381341.03,13004583.50,13519831.25,14026162.14
Difference,Ordered,string,100000,ns/op,12144083.00,15484375.00,13135306.97,674853.32,13056729.00,14433141.70,15375310.93
SymmetricDifference,Ordered,string,100000,ns/op,15782584.00,18657333.00,16768940.23,574475.34,16788375.00,17412926.75,18296863.00
Add,Ordered,string,1000000,ns/elem,125.67,142.19,131.45,4.39,129.64,139.69,141.78
Contains,Ordered,string,1000000,ns/elem,37.06,43.17,39.78,1.45,40.03,42.11,42.99
Remove,Ordered,string,1000000,ns/elem,208.37,252.17,223.97,9.76,223.36,242.38,250.53
Clone,Ordered,string,1000000,ns/op,123860000.00,154596791.00,137567434.60,7213650.34,136253146.00,150343375.30,153570686.61
Filter,Ordered,string,1000000,ns/op,59768583.00,71150916.00,64635233.17,2997425.14,64454687.50,69485328.65,70797949.75
MapBy,Ordered,string,1000000,ns/op,97040917.00,107189417.00,101802493.20,1980481.48,101855750.50,104972219.05,106755854.82
Chunk,Ordered,string,1000000,ns/op,72282334.00,77350375.00,73760768.20,914862.85,73539521.00,74772889.95,76626813.11
Union,Ordered,string,1000000,ns/op,211854750.00,229185875.00,221203708.27,4559496.51,220262666.50,228306091.60,229109435.64
Intersection,Ordered,string,1000000,ns/op,243688292.00,286309958.00,260593319.43,12585837.64,255802083.50,282993362.50,285527876.43
Difference,Ordered,string,1000000,ns/op,249069125.00,287799833.00,259764027.80,8240758.86,257285271.00,273016012.35,284141132.68
SymmetricDifference,Ordered,string,1000000,ns/op,316735708.00,371824958.00,335499269.40,16313486.41,327628771.00,369151598.10,371465853.61
Add,LockedOrdered,int,10,ns/elem,68.21,85.23,75.17,4.31,74.75,80.91,83.99
Contains,LockedOrdered,int,10,ns/elem,12.22,12.85,12.36,0.14,12.31,12.57,12.78
Remove,LockedOrdered,int,10,ns/elem,108.30,529.10,233.48,120.67,191.65,481.51,515.85
Clone,LockedOrdered,int,10,ns/op,721.86,813.53,749.33,22.89,741.68,797.41,812.08
Filter,LockedOrdered,int,10,ns/op,416.79,732.04,451.93,55.69,437.58,490.24,665.07
MapBy,LockedOrdered,int,10,ns/op,365.14,450.74,388.73,20.83,381.52,422.68,443.34
Chunk,LockedOrdered,int,10,ns/op,1687.39,2273.70,1896.65,175.75,1856.42,2187.21,2254.35
Union,LockedOrdered,int,10,ns/op,1270.51,1385.79,1322.27,28.83,1317.33,1368.94,1381.31
Intersection,LockedOrdered,int,10,ns/op,1061.52,1223.92,1131.95,36.65,1120.17,1194.82,1215.84
Difference,LockedOrdered,int,10,ns/op,985.57,1194.77,1019.48,41.69,1007.05,1085.86,1165.33
SymmetricDifference,LockedOrdered,int,10,ns/op,1074.46,1154.13,1105.08,20.01,1103.01,1134.14,1148.37
Add,LockedOrdered,int,100,ns/elem,50.56,59.29,52.89,2.40,52.08,58.35,59.16
Contains,LockedOrdered,int,100,ns/elem,12.04,12.56,12.23,0.13,12.20,12.50,12.56
Remove,LockedOrdered,int,100,ns/elem,73.75,214.17,92.31,26.98,83.12,126.75,191.21
Clone,LockedOrdered,int,100,ns/op,5884.43,6711.29,6127.02,188.39,6057.22,6402.56,6630.13
Filter,LockedOrdered,int,100,ns/op,3171.94,3812.06,3378.17,102.59,3361.16,3498.70,3724.79
MapBy,LockedOrdered,int,100,ns/op,3068.92,3604.35,3219.93,117.61,3190.24,3443.01,3562.98
Chunk,LockedOrdered,int,100,ns/op,7650.79,8457.14,7996.62,188.40,7983.93,8301.56,8428.26
Union,LockedOrdered,int,100,ns/op,10777.10,13017.76,11392.46,542.15,11305.90,12767.29,13015.51
Intersection,LockedOrdered,int,100,ns/op,8942.10,9793.16,9195.24,179.97,9147.22,9465.98,9713.79
Difference,LockedOrdered,int,100,ns/op,8615.02,9250.39,8877.46,162.51,8872.79,9153.13,9225.94
SymmetricDifference,LockedOrdered,int,100,ns/op,11322.57,12560.43,11779.97,277.73,11749.04,12232.49,12471.85
Add,LockedOrdered,int,1000,ns/elem,60.96,70.10,64.22,2.36,63.97,68.46,69.73
Contains,LockedOrdered,int,1000,ns/elem,12.10,13.94,12.46,0.36,12.39,12.97,13.71
Remove,LockedOrdered,int,1000,ns/elem,61.25,88.58,70.17,6.91,68.33,85.22,88.29
Clone,LockedOrdered,int,1000,ns/op,62381.50,78208.31,67073.39,4001.86,65313.14,73885.55,76972.04
Filter,LockedOrdered,int,1000,ns/op,33269.80,39101.10,35324.22,1399.12,35240.43,37817.21,38872.11
MapBy,LockedOrdered,int,1000,ns/op,39190.47,50442.18,41717.69,2105.52,41271.26,44191.38,48652.87
Chunk,LockedOrdered,int,1000,ns/op,61612.67,71393.52,64072.63,1903.06,63966.81,66284.49,69935.46
Union,LockedOrdered,int,1000,ns/op,96427.10,113489.55,103622.56,4943.81,103766.65,111503.34,113041.88
Intersection,LockedOrdered,int,1000,ns/op,102458.33,118664.39,108359.18,4510.56,107596.06,117185.16,118483.12
Difference,LockedOrdered,int,1000,ns/op,99914.67,111950.38,103505.23,2692.44,103192.45,109263.69,111331.26
SymmetricDifference,LockedOrdered,int,1000,ns/op,117372.53,137473.00,122803.84,3901.39,122112.74,129621.21,135221.25
Add,LockedOrdered,int,10000,ns/elem,65.31,80.74,69.17,3.80,67.70,78.35,80.07
Contains,LockedOrdered,int,10000,ns/elem,13.08,14.50,13.49,0.34,13.47,14.00,14.36
Remove,LockedOrdered,int,10000,ns/elem,68.12,77.00,70.47,1.83,70.36,73.69,76.16
Clone,LockedOrdered,int,10000,ns/op,665520.50,800208.50,705219.45,25530.86,699708.50,733310.33,780911.32
Filter,LockedOrdered,int,10000,ns/op,338350.00,619241.60,368930.56,48218.57,359575.00,384313.02,551309.16
MapBy,LockedOrdered,int,10000,ns/op,380391.60,430150.00,399943.61,13026.24,400712.50,424906.74,429669.12
Chunk,LockedOrdered,int,10000,ns/op,635805.67,774527.67,695760.19,40055.13,686132.00,772024.23,774100.69
Union,LockedOrdered,int,10000,ns/op,1116625.00,1360750.00,1175834.63,60893.77,1161853.50,1300528.80,1346080.64
Intersection,LockedOrdered,int,10000,ns/op,1007833.00,1185625.00,1060716.63,48296.40,1044729.00,1156198.10,1179510.93
Difference,LockedOrdered,int,10000,ns/op,1014917.00,1158625.00,1058181.97,34202.38,1048729.00,1120249.85,1152281.25
SymmetricDifference,LockedOrdered,int,10000,ns/op,1179375.00,1331041.00,1224061.17,34091.61,1213854.00,1293464.80,1324564.72
Add,LockedOrdered,int,100000,ns/elem,61.47,67.17,64.11,1.37,64.01,66.24,66.97
Contains,LockedOrdered,int,100000,ns/elem,14.61,17.12,15.02,0.57,14.81,16.24,17.03
Remove,LockedOrdered,int,100000,ns/elem,77.21,84.15,79.51,1.83,78.72,83.69,84.02
Clone,LockedOrdered,int,100000,ns/op,6058875.00,6600458.00,6204144.50,141633.00,6170188.00,6488304.65,6592869.86
Filter,LockedOrdered,int,100000,ns/op,3225916.00,3732250.00,3412044.37,114993.04,3389583.00,3652649.70,3725000.00
MapBy,LockedOrdered,int,100000,ns/op,3416959.00,3642625.00,3501119.43,53975.32,3495562.50,3608652.20,3640619.07
Chunk,LockedOrdered,int,100000,ns/op,6530709.00,7269166.00,6714526.37,132426.66,6696375.00,6862341.60,7156646.00
Union,LockedOrdered,int,100000,ns/op,11643291.00,15361375.00,12769384.63,877712.89,12841187.50,14427397.80,15223745.93
Intersection,LockedOrdered,int,100000,ns/op,11484625.00,13763500.00,12448958.33,598891.86,12416354.00,13445818.45,13688788.75
Difference,LockedOrdered,int,100000,ns/op,11284583.00,14065250.00,12260976.43,652651.45,12202500.00,13303873.10,13873427.18
SymmetricDifference,LockedOrdered,int,100000,ns/op,14622958.00,16110417.00,15079523.60,351805.88,14983500.00,15919200.00,16080607.32
Add,LockedOrdered,int,1000000,ns/elem,94.43,124.64,100.36,5.84,97.99,110.42,121.22
Contains,LockedOrdered,int,1000000,ns/elem,36.26,43.19,38.55,1.54,38.09,41.30,42.76
Remove,LockedOrdered,int,1000000,ns/elem,144.24,169.47,154.80,6.25,153.26,167.67,169.37
Clone,LockedOrdered,int,1000000,ns/op,95048375.00,128263333.00,108478098.50,10489919.15,106784354.50,125165147.40,127553654.57
Filter,LockedOrdered,int,1000000,ns/op,42449000.00,55069208.00,48819720.93,3379984.22,48810312.50,54268964.25,54937475.50
MapBy,LockedOrdered,int,1000000,ns/op,64099166.00,79031709.00,71268895.80,4267785.08,71133521.00,77920045.50,78835161.21
Chunk,LockedOrdered,int,1000000,ns/op,65627333.00,76457833.00,69755838.80,2490503.75,69775958.50,72747518.75,75408153.93
Union,LockedOrdered,int,1000000,ns/op,204360459.00,260798208.00,234078488.83,11200415.54,234793979.50,250477981.55,258746905.18
Intersection,LockedOrdered,int,1000000,ns/op,238406334.00,284042292.00,263957648.67,11745734.39,266916687.50,278369408.15,282467930.14
Difference,LockedOrdered,int,1000000,ns/op,239855292.00,274335333.00,255211088.93,10177527.46,251022104.00,268869745.95,272776510.50
SymmetricDifference,LockedOrdered,int,1000000,ns/op,323131833.00,496568959.00,351701976.37,30243922.60,346045208.00,383161637.35,467109647.14
Add,LockedOrdered,string,10,ns/elem,86.24,109.95,94.00,5.16,93.30,102.59,108.04
Contains,LockedOrdered,string,10,ns/elem,16.63,17.76,17.11,0.31,17.11,17.65,17.74
Remove,LockedOrdered,string,10,ns/elem,125.00,741.70,260.84,158.30,177.05,578.33,703.01
Clone,LockedOrdered,string,10,ns/op,899.78,1044.87,957.09,47.47,940.24,1034.81,1042.74
Filter,LockedOrdered,string,10,ns/op,500.46,606.08,536.47,25.41,537.02,577.17,599.28
MapBy,LockedOrdered,string,10,ns/op,473.17,575.45,514.36,21.87,511.32,548.81,568.84
Chunk,LockedOrdered,string,10,ns/op,1787.11,2338.09,1997.14,142.96,1983.47,2276.87,2334.15
Union,LockedOrdered,string,10,ns/op,1632.45,1932.35,1755.89,76.64,1759.25,1870.89,1918.84
Intersection,LockedOrdered,string,10,ns/op,1383.49,1762.03,1467.22,70.86,1463.67,1560.78,1715.91
Difference,LockedOrdered,string,10,ns/op,1270.23,1410.29,1325.99,41.00,1319.34,1398.81,1407.87
SymmetricDifference,LockedOrdered,string,10,ns/op,1417.99,3048.14,1586.62,335.67,1485.74,2162.93,2902.24
Add,LockedOrdered,string,100,ns/elem,67.11,109.61,71.78,7.52,70.04,78.38,100.61
Contains,LockedOrdered,string,100,ns/elem,16.83,19.34,17.34,0.48,17.24,18.15,19.13
Remove,LockedOrdered,string,100,ns/elem,99.17,252.08,129.53,33.00,116.45,182.15,232.50
Clone,LockedOrdered,string,100,ns/op,7406.59,9015.26,8070.86,462.09,8093.64,8867.50,8998.44
Filter,LockedOrdered,string,100,ns/op,4095.33,5016.31,4472.56,230.22,4445.08,4951.75,5006.09
MapBy,LockedOrdered,string,100,ns/op,4067.69,5141.42,4494.90,325.17,4389.56,5064.82,5126.28
Chunk,LockedOrdered,string,100,ns/op,8682.63,13789.34,9453.89,885.43,9304.71,10104.59,12745.76
Union,LockedOrdered,string,100,ns/op,14093.49,16597.69,15231.29,725.46,15422.62,16304.88,16514.83
Intersection,LockedOrdered,string,100,ns/op,11058.39,13427.72,11735.60,553.29,11697.60,12954.97,13417.37
Difference,LockedOrdered,string,100,ns/op,12398.28,14111.52,13122.48,471.44,13031.13,13829.08,14035.46
SymmetricDifference,LockedOrdered,string,100,ns/op,15811.97,18983.26,17033.38,732.83,17004.45,18399.20,18859.84
Add,LockedOrdered,string,1000,ns/elem,81.70,95.77,86.79,3.36,86.59,92.31,94.99
Contains,LockedOrdered,string,1000,ns/elem,16.52,20.05,18.30,1.18,18.44,20.02,20.04
Remove,LockedOrdered,string,1000,ns/elem,76.50,97.21,84.04,5.12,83.06,93.41,96.75
Clone,LockedOrdered,string,1000,ns/op,83232.35,103458.35,91386.43,5758.05,90144.21,100927.56,102811.41
Filter,LockedOrdered,string,1000,ns/op,44104.96,58377.40,48546.37,2991.27,48716.75,52477.92,56869.31
MapBy,LockedOrdered,string,1000,ns/op,54225.24,66092.35,59419.97,3337.35,58528.72,65532.55,66067.86
Chunk,LockedOrdered,string,1000,ns/op,73404.33,93174.37,83118.26,5654.95,82591.06,92117.93,92962.25
Union,LockedOrdered,string,1000,ns/op,118960.94,146468.75,130901.04,7369.21,130473.94,144521.59,145967.29
Intersection,LockedOrdered,string,1000,ns/op,113810.22,141935.22,126341.67,8595.63,123625.00,141652.07,141929.84
Difference,LockedOrdered,string,1000,ns/op,126093.75,154541.62,140332.29,8866.67,139188.78,153582.54,154329.42
SymmetricDifference,LockedOrdered,string,1000,ns/op,147253.23,182945.54,157584.29,8062.61,155463.12,169861.03,179637.49
Add,LockedOrdered,string,10000,ns/elem,81.55,104.47,90.64,5.94,90.14,100.75,103.56
Contains,LockedOrdered,string,10000,ns/elem,18.08,21.33,19.09,0.82,18.87,20.77,21.29
Remove,LockedOrdered,string,10000,ns/elem,84.98,111.17,97.87,8.73,98.46,111.05,111.16
Clone,LockedOrdered,string,10000,ns/op,806687.50,968875.00,878590.25,49819.44,884802.25,958862.35,968603.12
Filter,LockedOrdered,string,10000,ns/op,418400.00,514958.40,459302.23,26523.81,460295.80,498945.82,512065.59
MapBy,LockedOrdered,string,10000,ns/op,513791.75,614645.75,555617.71,31494.42,547031.12,613791.71,614452.46
Chunk,LockedOrdered,string,10000,ns/op,827291.50,1001125.00,899915.25,51865.64,888385.25,989592.53,1000115.95
Union,LockedOrdered,string,10000,ns/op,1593208.00,1917333.00,1770615.37,92156.04,1764604.50,1900175.15,1912596.43
Intersection,LockedOrdered,string,10000,ns/op,1202166.00,1537125.00,1319037.37,108025.37,1284020.50,1523748.25,1534273.43
Difference,LockedOrdered,string,10000,ns/op,1214625.00,1402875.00,1306623.67,45979.07,1302187.50,1387835.90,1402814.68
SymmetricDifference,LockedOrdered,string,10000,ns/op,1491250.00,1856875.00,1589876.50,74689.91,1574542.00,1734397.85,1823863.14
Add,LockedOrdered,string,100000,ns/elem,103.25,134.27,117.21,6.15,118.24,124.30,131.67
Contains,LockedOrdered,string,100000,ns/elem,20.10,27.20,22.11,1.62,21.86,25.03,26.60
Remove,LockedOrdered,string,100000,ns/elem,97.01,122.83,104.73,6.10,103.36,115.54,120.98
Clone,LockedOrdered,string,100000,ns/op,7981584.00,9848708.00,8563819.47,402611.17,8478396.00,9241174.85,9695382.68
Filter,LockedOrdered,string,100000,ns/op,4290000.00,5207917.00,4664590.33,252675.62,4593812.50,5089958.70,5176101.68
MapBy,LockedOrdered,string,100000,ns/op,4428209.00,5117750.00,4721164.00,189677.99,4672000.00,5056462.65,5109122.50
Chunk,LockedOrdered,string,100000,ns/op,8523333.00,8982625.00,8734236.00,118456.42,8712333.00,8912768.60,8967363.75
Union,LockedOrdered,string,100000,ns/op,15964458.00,18822083.00,17033309.67,658092.48,16959375.50,18449770.65,18786485.50
Intersection,LockedOrdered,string,100000,ns/op,15332625.00,18266166.00,16566615.33,706404.66,16609688.00,17827743.90,18166031.61
Difference,LockedOrdered,string,100000,ns/op,14773375.00,17939166.00,16293176.37,795837.51,16119354.00,17710078.65,17899037.25
SymmetricDifference,LockedOrdered,string,100000,ns/op,18957667.00,24178000.00,20729283.30,1087940.41,20543333.50,22347331.10,23688806.25
Add,LockedOrdered,string,1000000,ns/elem,161.69,192.34,173.54,7.28,173.48,186.44,190.80
Contains,LockedOrdered,string,1000000,ns/elem,75.56,107.06,83.96,6.95,82.76,100.05,105.81
Remove,LockedOrdered,string,1000000,ns/elem,262.81,294.77,272.72,7.30,270.86,286.85,293.16
Clone,LockedOrdered,string,1000000,ns/op,151947375.00,179805708.00,165102616.73,8047963.92,165446770.50,177590372.95,179269449.86
Filter,LockedOrdered,string,1000000,ns/op,79673083.00,114937542.00,89680015.23,7084013.38,87872667.00,101529289.25,112247187.64
MapBy,LockedOrdered,string,1000000,ns/op,106188333.00,140199458.00,122348482.00,7631534.29,122660479.00,132568337.80,138336945.18
Chunk,LockedOrdered,string,1000000,ns/op,87254166.00,115250417.00,96373550.07,7208086.04,94175625.50,112318593.90,114993174.82
Union,LockedOrdered,string,1000000,ns/op,273970333.00,329458958.00,299789595.80,13878857.34,300437666.50,324898864.40,329041249.25
Intersection,LockedOrdered,string,1000000,ns/op,323075792.00,424464334.00,349098013.87,22422768.56,344823583.00,399146812.50,420875922.14
Difference,LockedOrdered,string,1000000,ns/op,338908500.00,376233458.00,353918193.07,7810889.25,352079125.00,365941681.55,373296676.43
SymmetricDifference,LockedOrdered,string,1000000,ns/op,420498958.00,479654875.00,440794683.43,15265978.14,436346937.50,474608940.10,479526574.36
